,name,FACS_date,gate,Predicted_respiration_rate_fmol_O2perhr,GTDB_classification
1964,AH-545-A01,181030,Respiring cells (RSG-positive),0.00489742438306059,HIMB59
1965,AH-545-A02,181030,Respiring cells (RSG-positive),0.0456452569697998,UBA5951
1966,AH-545-A03,181030,Respiring cells (RSG-positive),0.0149619662915678,Unclassified
1967,AH-545-A04,181030,Respiring cells (RSG-positive),0.004826611012915961,Thioglobus_A
1968,AH-545-A05,181030,Respiring cells (RSG-positive),0.00398855736982789,Thioglobus
1969,AH-545-A06,181030,Respiring cells (RSG-positive),0.00531819145180956,Puniceispirillum
1970,AH-545-A07,181030,Respiring cells (RSG-positive),0.007789730793336909,Pelagibacter
1971,AH-545-A08,181030,Respiring cells (RSG-positive),0.0122985027664358,UBA7428
1972,AH-545-A09,181030,Respiring cells (RSG-positive),0.00564032839191797,SCGC-AAA076-P13
1973,AH-545-A10,181030,Respiring cells (RSG-positive),0.00523085695538965,TMED-70
1974,AH-545-A11,181030,Respiring cells (RSG-positive),0.0044356638749445,MGIIb-O2
1975,AH-545-A13,181030,Respiring cells (RSG-positive),0.169125362648984,Planktomarina
1976,AH-545-A14,181030,Respiring cells (RSG-positive),0.0365987469821105,MAG-121220-bin8
1977,AH-545-A15,181030,Respiring cells (RSG-positive),0.0044361471132315896,Pelagibacter
1978,AH-545-A16,181030,Respiring cells (RSG-positive),0.00413475095693621,Pelagibacter
1979,AH-545-A17,181030,Respiring cells (RSG-positive),0.0059947112011150714,UBA7326
1980,AH-545-A18,181030,Respiring cells (RSG-positive),0.00402302656114326,Pelagibacter
1981,AH-545-A19,181030,Respiring cells (RSG-positive),0.00487683093989945,Unclassified
1982,AH-545-A20,181030,Respiring cells (RSG-positive),0.00447007022565292,Unclassified
1983,AH-545-A21,181030,Respiring cells (RSG-positive),0.007683770806872909,Pelagibacter
1984,AH-545-A22,181030,Respiring cells (RSG-positive),0.00399663789009065,D2472
1985,AH-545-A23,181030,Respiring cells (RSG-positive),0.0048990033099332395,Puniceispirillum
1986,AH-545-B02,181030,Respiring cells (RSG-positive),0.0048478066106567705,Pontimonas
1987,AH-545-B03,181030,Respiring cells (RSG-positive),0.00395941588112113,Unclassified
1988,AH-545-B04,181030,Respiring cells (RSG-positive),0.00405267085395243,Pelagibacter
1989,AH-545-B05,181030,Respiring cells (RSG-positive),0.0046978878449673,GCA-2717185
1990,AH-545-B06,181030,Respiring cells (RSG-positive),0.0051531255698127,Thioglobus
1991,AH-545-B07,181030,Respiring cells (RSG-positive),0.004500016141792271,Pelagibacter
1992,AH-545-B08,181030,Respiring cells (RSG-positive),0.00502976369827049,TMED23
1993,AH-545-B09,181030,Respiring cells (RSG-positive),0.00463024285082871,MED-G11
1994,AH-545-B10,181030,Respiring cells (RSG-positive),0.0121957409086688,Unclassified
1995,AH-545-B11,181030,Respiring cells (RSG-positive),0.00645539721187277,SCGC-AAA076-P13
1996,AH-545-B13,181030,Respiring cells (RSG-positive),0.00404103816039543,GCA-002716945
1997,AH-545-B14,181030,Respiring cells (RSG-positive),0.00391938250423714,Pelagibacter
1998,AH-545-B15,181030,Respiring cells (RSG-positive),0.0343183582921952,Amylibacter
1999,AH-545-B16,181030,Respiring cells (RSG-positive),0.00406627743459346,Pelagibacter
2000,AH-545-B17,181030,Respiring cells (RSG-positive),0.0186687228649883,UBA1609
2001,AH-545-B19,181030,Respiring cells (RSG-positive),0.00571702103683089,Unclassified
2002,AH-545-B20,181030,Respiring cells (RSG-positive),0.0110083286363928,Unclassified
2003,AH-545-B21,181030,Respiring cells (RSG-positive),0.00518944687864346,Unclassified
2004,AH-545-B22,181030,Respiring cells (RSG-positive),0.0041587154693238215,Unclassified
2005,AH-545-B23,181030,Respiring cells (RSG-positive),0.00409144727273154,TMED189
2006,AH-545-C02,181030,Respiring cells (RSG-positive),0.0040680741964970795,Unclassified
2007,AH-545-C03,181030,Respiring cells (RSG-positive),0.00599893831701305,Thioglobus
2008,AH-545-C04,181030,Respiring cells (RSG-positive),0.0116278225079342,UBA1275
2009,AH-545-C05,181030,Respiring cells (RSG-positive),0.0057166879982208,BACL14
2010,AH-545-C06,181030,Respiring cells (RSG-positive),0.00452258520284218,Pelagibacter
2011,AH-545-C07,181030,Respiring cells (RSG-positive),0.0053543867752664795,Unclassified
2012,AH-545-C08,181030,Respiring cells (RSG-positive),0.0061429086307923,MS024-2A
2013,AH-545-C10,181030,Respiring cells (RSG-positive),0.00770284824575651,UBA7428
2014,AH-545-C11,181030,Respiring cells (RSG-positive),0.00496916571867277,MED-G11
2015,AH-545-C13,181030,Respiring cells (RSG-positive),0.00507347454924094,MGIIb-O2
2016,AH-545-C14,181030,Respiring cells (RSG-positive),0.00403855547340052,Thioglobus
2017,AH-545-C15,181030,Respiring cells (RSG-positive),0.004020926117215271,UBA10364
2018,AH-545-C16,181030,Respiring cells (RSG-positive),0.00401929230358955,Pelagibacter
2019,AH-545-C17,181030,Respiring cells (RSG-positive),0.00695390306069929,Nitrosopumilus
2020,AH-545-C18,181030,Respiring cells (RSG-positive),0.0746963415158315,Unclassified
2021,AH-545-C19,181030,Respiring cells (RSG-positive),0.00553196554241508,GCA-002715885
2022,AH-545-C20,181030,Respiring cells (RSG-positive),0.00756067167155965,Unclassified
2023,AH-545-C21,181030,Respiring cells (RSG-positive),0.00391347666735914,Pelagibacter
2024,AH-545-C22,181030,Respiring cells (RSG-positive),0.00698183011495082,Marinisoma
2025,AH-545-C23,181030,Respiring cells (RSG-positive),0.004956858718420929,UBA10364
2026,AH-545-D02,181030,Respiring cells (RSG-positive),0.0056368902972428,UBA12202
2027,AH-545-D03,181030,Respiring cells (RSG-positive),0.0048342791701651,D2472
2028,AH-545-D04,181030,Respiring cells (RSG-positive),0.287686906993672,Planktomarina
2029,AH-545-D05,181030,Respiring cells (RSG-positive),0.0045262550127231,AAA536-G10
2030,AH-545-D06,181030,Respiring cells (RSG-positive),0.8222351920712728,UBA4582
2031,AH-545-D07,181030,Respiring cells (RSG-positive),0.0116223369804342,Thioglobus
2032,AH-545-D08,181030,Respiring cells (RSG-positive),0.00393825463107183,Pelagibacter
2033,AH-545-D09,181030,Respiring cells (RSG-positive),0.00615122850882745,SCGC-AAA076-P13
2034,AH-545-D10,181030,Respiring cells (RSG-positive),0.00406264369006927,BACL14
2035,AH-545-D11,181030,Respiring cells (RSG-positive),0.004479966193572329,Pelagibacter
2036,AH-545-D13,181030,Respiring cells (RSG-positive),0.00408108981426894,Unclassified
2037,AH-545-D14,181030,Respiring cells (RSG-positive),0.25668935353057704,Planktomarina
2038,AH-545-D15,181030,Respiring cells (RSG-positive),0.00661894096963313,MS024-2A
2039,AH-545-D16,181030,Respiring cells (RSG-positive),0.00468757057818842,Unclassified
2040,AH-545-D17,181030,Respiring cells (RSG-positive),0.00451695317969637,Pelagibacter
2041,AH-545-D18,181030,Respiring cells (RSG-positive),0.00499672330136765,SCGC-AAA076-P13
2042,AH-545-D20,181030,Respiring cells (RSG-positive),0.00471733633151353,Unclassified
2043,AH-545-D21,181030,Respiring cells (RSG-positive),0.0204740735641122,GCA-002707645
2044,AH-545-D22,181030,Respiring cells (RSG-positive),0.0130241696309563,Thioglobus
2045,AH-545-D23,181030,Respiring cells (RSG-positive),0.0087056268171889,AG-337-I02
2046,AH-545-E02,181030,Respiring cells (RSG-positive),0.00396052796271121,Pelagibacter
2047,AH-545-E03,181030,Respiring cells (RSG-positive),0.00567773482348517,Unclassified
2048,AH-545-E04,181030,Respiring cells (RSG-positive),0.005197434113349,Unclassified
2049,AH-545-E05,181030,Respiring cells (RSG-positive),0.0047582304130648605,Unclassified
2050,AH-545-E06,181030,Respiring cells (RSG-positive),0.00391914109513355,Pelagibacter
2051,AH-545-E07,181030,Respiring cells (RSG-positive),0.00468149673089121,Unclassified
2052,AH-545-E08,181030,Respiring cells (RSG-positive),0.00447468961779413,Pelagibacter
2053,AH-545-E10,181030,Respiring cells (RSG-positive),0.0616000966136919,Amylibacter
2054,AH-545-E11,181030,Respiring cells (RSG-positive),0.0057569032685800105,D2472
2055,AH-545-E13,181030,Respiring cells (RSG-positive),0.00416761865648285,Unclassified
2056,AH-545-E14,181030,Respiring cells (RSG-positive),0.00414192714166009,Pelagibacter
2057,AH-545-E15,181030,Respiring cells (RSG-positive),0.00955751742240294,Thioglobus
2058,AH-545-E16,181030,Respiring cells (RSG-positive),0.007657242853962591,Puniceispirillum
2059,AH-545-E19,181030,Respiring cells (RSG-positive),0.00539929338077771,GCA-2722105
2060,AH-545-E21,181030,Respiring cells (RSG-positive),0.00405441090066102,TMED189
2061,AH-545-E22,181030,Respiring cells (RSG-positive),0.21705879235204506,Unclassified
2062,AH-545-E23,181030,Respiring cells (RSG-positive),0.00394747039740535,Pelagibacter
2063,AH-545-F02,181030,Respiring cells (RSG-positive),0.00441309407854322,AAA536-G10
2064,AH-545-F03,181030,Respiring cells (RSG-positive),0.0069029932671207,TCS55
2065,AH-545-F04,181030,Respiring cells (RSG-positive),0.0091581674284274,Unclassified
2066,AH-545-F05,181030,Respiring cells (RSG-positive),0.00396488825355444,Pelagibacter
2067,AH-545-F06,181030,Respiring cells (RSG-positive),0.00395542666254649,Pelagibacter
2068,AH-545-F07,181030,Respiring cells (RSG-positive),0.0040013791056622,Pelagibacter
2069,AH-545-F09,181030,Respiring cells (RSG-positive),0.0052863761289175795,MED-G11
2070,AH-545-F10,181030,Respiring cells (RSG-positive),0.004221936271284079,Pelagibacter
2071,AH-545-F11,181030,Respiring cells (RSG-positive),0.009753727246492679,Unclassified
2072,AH-545-F13,181030,Respiring cells (RSG-positive),0.0070841054699714,Nitrosopumilus
2073,AH-545-F14,181030,Respiring cells (RSG-positive),0.0115137048352179,UBA3478
2074,AH-545-F15,181030,Respiring cells (RSG-positive),0.00960486771446057,MAG-121220-bin8
2075,AH-545-F16,181030,Respiring cells (RSG-positive),0.0047347492772275,SCGC-AAA076-P13
2076,AH-545-F17,181030,Respiring cells (RSG-positive),0.197284832638109,Unclassified
2077,AH-545-F18,181030,Respiring cells (RSG-positive),0.0061929130489881785,D2472
2078,AH-545-F19,181030,Respiring cells (RSG-positive),0.00507347454924094,MED-G11
2079,AH-545-F20,181030,Respiring cells (RSG-positive),0.0040466223227623,Pelagibacter
2080,AH-545-F21,181030,Respiring cells (RSG-positive),0.0040446155090505705,Pelagibacter
2081,AH-545-F22,181030,Respiring cells (RSG-positive),0.00514695518944372,D2472
2082,AH-545-F23,181030,Respiring cells (RSG-positive),0.0047248382212966,Thioglobus_A
2083,AH-545-G02,181030,Respiring cells (RSG-positive),0.0315618075457055,MB11C04
2084,AH-545-G03,181030,Respiring cells (RSG-positive),0.00733591175122472,Marinisoma
2085,AH-545-G04,181030,Respiring cells (RSG-positive),0.0115280899527849,MS024-2A
2086,AH-545-G06,181030,Respiring cells (RSG-positive),0.0045439904779337,Aquiluna
2087,AH-545-G07,181030,Respiring cells (RSG-positive),0.0039610403543029705,Pelagibacter
2088,AH-545-G08,181030,Respiring cells (RSG-positive),0.3999218541305321,LFER01
2089,AH-545-G09,181030,Respiring cells (RSG-positive),0.00574618137191354,D2472
2090,AH-545-G10,181030,Respiring cells (RSG-positive),0.0156015150247147,MAG-121220-bin8
2091,AH-545-G11,181030,Respiring cells (RSG-positive),0.00621644387613719,TMED80
2092,AH-545-G13,181030,Respiring cells (RSG-positive),0.00397445160698592,Thioglobus
2093,AH-545-G14,181030,Respiring cells (RSG-positive),0.00668493378904477,GCA-2683775
2094,AH-545-G16,181030,Respiring cells (RSG-positive),0.0091547713508645,SGZJ01
2095,AH-545-G17,181030,Respiring cells (RSG-positive),0.0055743549484560395,SAR86A
2096,AH-545-G18,181030,Respiring cells (RSG-positive),0.00464889128738704,Litoricola
2097,AH-545-G19,181030,Respiring cells (RSG-positive),0.00393962132502316,Pelagibacter
2098,AH-545-G20,181030,Respiring cells (RSG-positive),0.00462204021680755,Unclassified
2099,AH-545-G21,181030,Respiring cells (RSG-positive),0.00517541834227417,UBA7428
2100,AH-545-G23,181030,Respiring cells (RSG-positive),0.00597482676904024,SCGC-AAA076-P13
2101,AH-545-I02,181030,Respiring cells (RSG-positive),0.00708845379045465,GCA-002839825
2102,AH-545-I03,181030,Respiring cells (RSG-positive),0.0106946517504987,UBA868
2103,AH-545-I04,181030,Respiring cells (RSG-positive),0.00399399990651559,Pelagibacter
2104,AH-545-I05,181030,Respiring cells (RSG-positive),0.0049527888089869,GCA-002715885
2105,AH-545-I06,181030,Respiring cells (RSG-positive),0.00396073738765024,Unclassified
2106,AH-545-I07,181030,Respiring cells (RSG-positive),0.00389310392611706,TMED189
2107,AH-545-I08,181030,Respiring cells (RSG-positive),0.00958861760014011,GCA-2683775
2108,AH-545-I09,181030,Respiring cells (RSG-positive),0.0159230101594087,Thioglobus
2109,AH-545-I10,181030,Respiring cells (RSG-positive),0.00468590965355295,AAA536-G10
2110,AH-545-I11,181030,Respiring cells (RSG-positive),0.0279779582927048,MAG-121220-bin8
2111,AH-545-I13,181030,Respiring cells (RSG-positive),0.00402775270104129,Pelagibacter
2112,AH-545-I14,181030,Respiring cells (RSG-positive),0.00622723300226484,SCGC-AAA076-P13
2113,AH-545-I15,181030,Respiring cells (RSG-positive),0.007143061270525341,AG-337-I02
2114,AH-545-I16,181030,Respiring cells (RSG-positive),0.0111331431566874,UBA7428
2115,AH-545-I17,181030,Respiring cells (RSG-positive),0.00519514358682581,Hellea
2116,AH-545-I18,181030,Respiring cells (RSG-positive),0.00583151089618573,Nitrosopumilus
2117,AH-545-I19,181030,Respiring cells (RSG-positive),0.236732357422007,Planktomarina
2118,AH-545-I20,181030,Respiring cells (RSG-positive),0.004002317686850871,Pelagibacter
2119,AH-545-I21,181030,Respiring cells (RSG-positive),0.0059874168336496395,MS024-2A
2120,AH-545-I22,181030,Respiring cells (RSG-positive),0.0161633548440811,AG-337-I02
2121,AH-545-J03,181030,Respiring cells (RSG-positive),0.004909030895726111,Unclassified
2122,AH-545-J04,181030,Respiring cells (RSG-positive),0.0039514505942356,Pelagibacter
2123,AH-545-J05,181030,Respiring cells (RSG-positive),0.00405141976668482,Unclassified
2124,AH-545-J06,181030,Respiring cells (RSG-positive),0.0140658628671508,Flavobacteriaceae
2125,AH-545-J07,181030,Respiring cells (RSG-positive),0.005254118529814379,UBA4441
2126,AH-545-J08,181030,Respiring cells (RSG-positive),0.010545798037666,MS024-2A
2127,AH-545-J09,181030,Respiring cells (RSG-positive),0.00487991916509603,D2472
2128,AH-545-J10,181030,Respiring cells (RSG-positive),0.0045147573911142,MED-G11
2129,AH-545-J11,181030,Respiring cells (RSG-positive),0.0055674531465226395,SCGC-AAA076-P13
2130,AH-545-J14,181030,Respiring cells (RSG-positive),1.6061520434656,Unclassified
2131,AH-545-J15,181030,Respiring cells (RSG-positive),0.00397914304398551,Unclassified
2132,AH-545-J16,181030,Respiring cells (RSG-positive),0.0048586727947371,D2472
2133,AH-545-J17,181030,Respiring cells (RSG-positive),0.00548904570119809,Pelagibacter
2134,AH-545-J18,181030,Respiring cells (RSG-positive),0.00428695553244519,Pelagibacter
2135,AH-545-J19,181030,Respiring cells (RSG-positive),0.00598512681592043,MB11C04
2136,AH-545-J20,181030,Respiring cells (RSG-positive),0.0042057754869013605,Pelagibacter
2137,AH-545-J21,181030,Respiring cells (RSG-positive),0.00439994569296491,Rickettsiales
2138,AH-545-J22,181030,Respiring cells (RSG-positive),0.00409324720791696,Pelagibacter
2139,AH-545-J23,181030,Respiring cells (RSG-positive),0.0104513066092752,MED-G78
2140,AH-545-K02,181030,Respiring cells (RSG-positive),0.0041266711738082214,Pelagibacter
2141,AH-545-K04,181030,Respiring cells (RSG-positive),0.00423171019418052,Pelagibacter
2142,AH-545-K05,181030,Respiring cells (RSG-positive),0.00408191408435022,TMED189
2143,AH-545-K06,181030,Respiring cells (RSG-positive),0.0058196102785248215,Pelagibacter
2144,AH-545-K07,181030,Respiring cells (RSG-positive),0.0136647711661524,SCGC-AAA160-P02
2145,AH-545-K08,181030,Respiring cells (RSG-positive),0.0191724859533398,GCA-002733185
2146,AH-545-K09,181030,Respiring cells (RSG-positive),0.0039029583722428795,Pelagibacter_A
2147,AH-545-K10,181030,Respiring cells (RSG-positive),0.0112401270966898,UA16
2148,AH-545-K11,181030,Respiring cells (RSG-positive),0.005188761678412521,Pelagibacter
2149,AH-545-K13,181030,Respiring cells (RSG-positive),0.0040932042863422,Nitrosopelagicus
2150,AH-545-K14,181030,Respiring cells (RSG-positive),0.00391133217430606,Unclassified
2151,AH-545-K15,181030,Respiring cells (RSG-positive),0.00643338500947051,MS024-2A
2152,AH-545-K16,181030,Respiring cells (RSG-positive),0.00429090822505627,Pelagibacter
2153,AH-545-K17,181030,Respiring cells (RSG-positive),0.00460827287591825,MGIIb-O2
2154,AH-545-K18,181030,Respiring cells (RSG-positive),0.00600241073913175,Unclassified
2155,AH-545-K19,181030,Respiring cells (RSG-positive),0.0269252743851789,Unclassified
2156,AH-545-K20,181030,Respiring cells (RSG-positive),0.00953032969150446,HIMB59
2157,AH-545-K22,181030,Respiring cells (RSG-positive),0.0258823267476126,SCGC-AAA160-P02
2158,AH-545-K23,181030,Respiring cells (RSG-positive),0.00544926227340681,MED-G11
2159,AH-545-L02,181030,Respiring cells (RSG-positive),0.00673754465317878,Nitrosopumilus
2160,AH-545-L03,181030,Respiring cells (RSG-positive),0.0040787130445625,Litoricola
2161,AH-545-L04,181030,Respiring cells (RSG-positive),0.00962368657053558,TMED80
2162,AH-545-L05,181030,Respiring cells (RSG-positive),0.00416270996862554,Pelagibacter
2163,AH-545-L06,181030,Respiring cells (RSG-positive),0.00544760120562908,Unclassified
2164,AH-545-L07,181030,Respiring cells (RSG-positive),0.00501185357581812,Hellea
2165,AH-545-L08,181030,Respiring cells (RSG-positive),0.0124297604710011,Marinisoma
2166,AH-545-L09,181030,Respiring cells (RSG-positive),0.00463606294372831,BACL14
2167,AH-545-L10,181030,Respiring cells (RSG-positive),0.00643052482096408,Unclassified
2168,AH-545-L11,181030,Respiring cells (RSG-positive),0.0422889850481713,GCA-2402195
2169,AH-545-L13,181030,Respiring cells (RSG-positive),3.4495093948883,LFER01
2170,AH-545-L14,181030,Respiring cells (RSG-positive),0.22117746303831895,Planktomarina
2171,AH-545-L15,181030,Respiring cells (RSG-positive),0.00395583230926119,Pelagibacter
2172,AH-545-L16,181030,Respiring cells (RSG-positive),0.00432440251026058,TMED189
2173,AH-545-L18,181030,Respiring cells (RSG-positive),0.0163460149298252,UBA12191
2174,AH-545-L19,181030,Respiring cells (RSG-positive),0.0087208885263914,Unclassified
2175,AH-545-L21,181030,Respiring cells (RSG-positive),0.003996438130021061,Pelagibacter
2176,AH-545-L22,181030,Respiring cells (RSG-positive),0.00710590137652755,MS024-2A
2177,AH-545-L23,181030,Respiring cells (RSG-positive),0.031978848155124,UBA721
2178,AH-545-M02,181030,Respiring cells (RSG-positive),0.0171089237562086,MAG-121220-bin8
2179,AH-545-M03,181030,Respiring cells (RSG-positive),0.0107164589918657,Thioglobus
2180,AH-545-M04,181030,Respiring cells (RSG-positive),0.0883052324650303,Amylibacter
2181,AH-545-M05,181030,Respiring cells (RSG-positive),0.0066664223788106,Puniceispirillum
2182,AH-545-M07,181030,Respiring cells (RSG-positive),0.0117777148761186,MAG-121220-bin8
2183,AH-545-M08,181030,Respiring cells (RSG-positive),0.00482986626494048,SCGC-AAA076-P13
2184,AH-545-M09,181030,Respiring cells (RSG-positive),0.00532524956945029,Thioglobus
2185,AH-545-M10,181030,Respiring cells (RSG-positive),0.0043467195969135,Marinomonas
2186,AH-545-M11,181030,Respiring cells (RSG-positive),0.00402153800213969,Pelagibacter
2187,AH-545-M14,181030,Respiring cells (RSG-positive),0.00441003323071309,Nitrosopumilus
2188,AH-545-M15,181030,Respiring cells (RSG-positive),0.006467467564012511,SCGC-AAA076-P13
2189,AH-545-M16,181030,Respiring cells (RSG-positive),0.00416068072972282,Pelagibacter
2190,AH-545-M17,181030,Respiring cells (RSG-positive),0.00410135711849855,TMED189
2191,AH-545-M18,181030,Respiring cells (RSG-positive),0.004942863802220971,MGIIb-O2
2192,AH-545-M19,181030,Respiring cells (RSG-positive),0.00506484175241993,Unclassified
2193,AH-545-M20,181030,Respiring cells (RSG-positive),0.0075106265936955,AG-337-I02
2194,AH-545-M21,181030,Respiring cells (RSG-positive),0.0277593275906185,Unclassified
2195,AH-545-M22,181030,Respiring cells (RSG-positive),0.0114654460869339,GCA-002707645
2196,AH-545-M23,181030,Respiring cells (RSG-positive),0.00448896434171103,Puniceispirillum
2197,AH-545-N02,181030,Respiring cells (RSG-positive),0.00394351251163271,TMED189
2198,AH-545-N03,181030,Respiring cells (RSG-positive),0.256993589896187,Planktomarina
2199,AH-545-N04,181030,Respiring cells (RSG-positive),0.0077135804532068,Nitrosopumilus
2200,AH-545-N06,181030,Respiring cells (RSG-positive),0.00401820983559264,Pelagibacter
2201,AH-545-N07,181030,Respiring cells (RSG-positive),0.0052424392105013705,Puniceispirillum
2202,AH-545-N08,181030,Respiring cells (RSG-positive),0.00572689889209358,SCGC-AAA076-P13
2203,AH-545-N10,181030,Respiring cells (RSG-positive),0.0115931695341958,SCGC-AAA160-P02
2204,AH-545-N11,181030,Respiring cells (RSG-positive),0.004004624199112471,Unclassified
2205,AH-545-N13,181030,Respiring cells (RSG-positive),0.00401158256222737,D2472
2206,AH-545-N14,181030,Respiring cells (RSG-positive),0.00413712503298969,Nitrosopumilus
2207,AH-545-N15,181030,Respiring cells (RSG-positive),0.00519127116142909,Nitrosopumilus
2208,AH-545-N16,181030,Respiring cells (RSG-positive),0.00581855939683127,Hellea
2209,AH-545-N17,181030,Respiring cells (RSG-positive),0.00585236147160924,D2472
2210,AH-545-N18,181030,Respiring cells (RSG-positive),0.00432448144607941,BACL14
2211,AH-545-N19,181030,Respiring cells (RSG-positive),0.573275412329293,Planktomarina
2212,AH-545-N20,181030,Respiring cells (RSG-positive),0.0996863943546782,Amylibacter
2213,AH-545-N23,181030,Respiring cells (RSG-positive),0.0051114473920599,MED-G11
2214,AH-545-O02,181030,Respiring cells (RSG-positive),0.00469313099223835,Pelagibacter
2215,AH-545-O05,181030,Respiring cells (RSG-positive),0.489724600689169,LFER01
2216,AH-545-O06,181030,Respiring cells (RSG-positive),0.0235624955900003,GCA-002733185
2217,AH-545-O08,181030,Respiring cells (RSG-positive),0.007729744332629191,SCGC-AAA076-P13
2218,AH-545-O09,181030,Respiring cells (RSG-positive),0.00402383980724646,Unclassified
2219,AH-545-O10,181030,Respiring cells (RSG-positive),0.00421331301902031,Pelagibacter
2220,AH-545-O11,181030,Respiring cells (RSG-positive),0.0106082158321882,MS024-2A
2221,AH-545-O13,181030,Respiring cells (RSG-positive),0.00432645530989846,Unclassified
2222,AH-545-O14,181030,Respiring cells (RSG-positive),0.00466516190014635,MGIIb-O2
2223,AH-545-O15,181030,Respiring cells (RSG-positive),0.00394289098358325,Pontimonas
2224,AH-545-O16,181030,Respiring cells (RSG-positive),0.0040443301816289,TMED189
2225,AH-545-O17,181030,Respiring cells (RSG-positive),0.0039424986834326395,Pelagibacter
2226,AH-545-O19,181030,Respiring cells (RSG-positive),0.0111736657238593,MAG-121220-bin8
2227,AH-545-O20,181030,Respiring cells (RSG-positive),0.0766684877250831,Cyclobacteriaceae
2228,AH-545-O22,181030,Respiring cells (RSG-positive),0.00391186448419562,Unclassified
2229,AH-545-O23,181030,Respiring cells (RSG-positive),0.00500639673994253,SCGC-AAA076-P13
2230,AH-545-P01,181030,Respiring cells (RSG-positive),0.00423890237707145,TMED189
2231,AH-545-P05,181030,Respiring cells (RSG-positive),0.0038974979107533796,Unclassified
2232,AH-545-P06,181030,Respiring cells (RSG-positive),0.00653820639506704,SCGC-AAA076-P13
2233,AH-545-P07,181030,Respiring cells (RSG-positive),0.6119504559110811,LFER01
2234,AH-545-P08,181030,Respiring cells (RSG-positive),0.009631239394987879,TMED25
2235,AH-545-P09,181030,Respiring cells (RSG-positive),0.0154601026236111,UBA1994
2236,AH-545-P10,181030,Respiring cells (RSG-positive),0.00416212154103815,TMED189
2237,AH-545-P11,181030,Respiring cells (RSG-positive),0.00409238886193047,Pelagibacter
2238,AH-545-P13,181030,Respiring cells (RSG-positive),0.0046194955169976785,UBA7434
2239,AH-545-P14,181030,Respiring cells (RSG-positive),0.00610427454153811,UBA868
2240,AH-545-P15,181030,Respiring cells (RSG-positive),0.0158146038362446,Thioglobus
2241,AH-545-P17,181030,Respiring cells (RSG-positive),0.0276357309905067,UBA10347
2242,AH-545-P19,181030,Respiring cells (RSG-positive),0.0041179977978207,Pelagibacter
2243,AH-545-P20,181030,Respiring cells (RSG-positive),0.00416078737953109,TMED189
2244,AH-545-P21,181030,Respiring cells (RSG-positive),0.0104960916462695,GCA-2707915
2245,AH-545-P23,181030,Respiring cells (RSG-positive),0.00416340762172751,MGIIb-O2
3910,AH-657-A01,190402,Respiring cells (RSG-positive),0.00401217868972217,Unclassified
3911,AH-657-A02,190402,Respiring cells (RSG-positive),0.00574975311686296,Aquiluna
3912,AH-657-A03,190402,Respiring cells (RSG-positive),0.162733498041485,Amylibacter
3913,AH-657-A04,190402,Respiring cells (RSG-positive),0.00401048270114327,Unclassified
3914,AH-657-A05,190402,Respiring cells (RSG-positive),0.00510029319486415,Unclassified
3915,AH-657-A06,190402,Respiring cells (RSG-positive),0.0652191994784779,MS024-2A
3916,AH-657-A07,190402,Respiring cells (RSG-positive),0.038536622370568,SCGC-AAA160-P02
3917,AH-657-A08,190402,Respiring cells (RSG-positive),0.00484093946030836,Arcobacteraceae
3918,AH-657-A09,190402,Respiring cells (RSG-positive),4.3860942744726,Unclassified
3919,AH-657-A10,190402,Respiring cells (RSG-positive),0.135195954902642,SCGC-AAA160-P02
3920,AH-657-A11,190402,Respiring cells (RSG-positive),0.00483336867268128,TMED189
3921,AH-657-A14,190402,Respiring cells (RSG-positive),0.00417626435449939,Unclassified
3922,AH-657-A15,190402,Respiring cells (RSG-positive),0.0680076522118709,Amylibacter
3923,AH-657-A16,190402,Respiring cells (RSG-positive),0.0109928415432655,GCA-2705205
3924,AH-657-A17,190402,Respiring cells (RSG-positive),0.00541894580288565,SCGC-AAA076-P13
3925,AH-657-A18,190402,Respiring cells (RSG-positive),0.00723181232788958,TMED189
3926,AH-657-A19,190402,Respiring cells (RSG-positive),0.0040281821133433,Pelagibacter
3927,AH-657-A20,190402,Respiring cells (RSG-positive),0.00422779807691167,D2472
3928,AH-657-A21,190402,Respiring cells (RSG-positive),0.0107722909008969,Unclassified
3929,AH-657-A22,190402,Respiring cells (RSG-positive),0.0058918490843214,MED-G78
3930,AH-657-A23,190402,Respiring cells (RSG-positive),0.0577742674372888,Amylibacter
3931,AH-657-B02,190402,Respiring cells (RSG-positive),0.00432187396769765,Pelagibacter
3932,AH-657-B03,190402,Respiring cells (RSG-positive),10.6959573679919,Unclassified
3933,AH-657-B05,190402,Respiring cells (RSG-positive),0.00590499811859015,SCGC-AAA076-P13
3934,AH-657-B06,190402,Respiring cells (RSG-positive),0.009901336233097859,Unclassified
3935,AH-657-B08,190402,Respiring cells (RSG-positive),0.0042362971413612,MED-G09
3936,AH-657-B09,190402,Respiring cells (RSG-positive),0.595827297588062,Yoonia
3937,AH-657-B10,190402,Respiring cells (RSG-positive),0.00715434711269355,Unclassified
3938,AH-657-B11,190402,Respiring cells (RSG-positive),0.175348969854623,Polaribacter
3939,AH-657-B13,190402,Respiring cells (RSG-positive),0.0109698967159275,Unclassified
3940,AH-657-B15,190402,Respiring cells (RSG-positive),0.0052760797461841,TMED189
3941,AH-657-B16,190402,Respiring cells (RSG-positive),0.270585438444122,Planktomarina
3942,AH-657-B17,190402,Respiring cells (RSG-positive),0.0301902247247964,MAG-121220-bin8
3943,AH-657-B18,190402,Respiring cells (RSG-positive),0.302949119240057,Unclassified
3944,AH-657-B19,190402,Respiring cells (RSG-positive),0.0040491803412567706,Pelagibacter
3945,AH-657-B20,190402,Respiring cells (RSG-positive),0.165425763162439,Unclassified
3946,AH-657-B22,190402,Respiring cells (RSG-positive),0.00485457037883093,D2472
3947,AH-657-B23,190402,Respiring cells (RSG-positive),0.00480848298381617,SCGC-AAA076-P13
3948,AH-657-C03,190402,Respiring cells (RSG-positive),0.163598480816507,SCGC-AAA160-P02
3949,AH-657-C04,190402,Respiring cells (RSG-positive),0.00428696801941497,AAA536-G10
3950,AH-657-C05,190402,Respiring cells (RSG-positive),0.0041653370834908105,Pelagibacter
3951,AH-657-C06,190402,Respiring cells (RSG-positive),0.0501296922896667,Unclassified
3952,AH-657-C07,190402,Respiring cells (RSG-positive),0.0263860942509729,HIMB59
3953,AH-657-C08,190402,Respiring cells (RSG-positive),0.0474022041505432,MS024-2A
3954,AH-657-C09,190402,Respiring cells (RSG-positive),0.0671872605623675,Unclassified
3955,AH-657-C10,190402,Respiring cells (RSG-positive),0.0040448069166773,Pelagibacter
3956,AH-657-C11,190402,Respiring cells (RSG-positive),0.0040061974381918,Pelagibacter
3957,AH-657-C13,190402,Respiring cells (RSG-positive),0.0041213369080896,Pelagibacter
3958,AH-657-C14,190402,Respiring cells (RSG-positive),0.009273342233414493,UBA10364
3959,AH-657-C15,190402,Respiring cells (RSG-positive),0.00439074399377509,D2472
3960,AH-657-C16,190402,Respiring cells (RSG-positive),0.0262857567562539,MS024-2A
3961,AH-657-C17,190402,Respiring cells (RSG-positive),0.556407290468215,SCGC-AAA160-P02
3962,AH-657-C18,190402,Respiring cells (RSG-positive),0.0040300905403585705,Pelagibacter
3963,AH-657-C19,190402,Respiring cells (RSG-positive),0.112919672145884,SCGC-AAA160-P02
3964,AH-657-C20,190402,Respiring cells (RSG-positive),0.0766149100583495,GCA-002712045
3965,AH-657-C21,190402,Respiring cells (RSG-positive),0.00956048736968186,TMED25
3966,AH-657-C22,190402,Respiring cells (RSG-positive),0.0649600911439035,Unclassified
3967,AH-657-D03,190402,Respiring cells (RSG-positive),0.146638788738642,HC6-5
3968,AH-657-D05,190402,Respiring cells (RSG-positive),0.251655155386327,Granulosicoccus
3969,AH-657-D07,190402,Respiring cells (RSG-positive),0.0626824719253377,Amylibacter
3970,AH-657-D08,190402,Respiring cells (RSG-positive),0.00413394411357194,AG-422-B15
3971,AH-657-D09,190402,Respiring cells (RSG-positive),0.00400529714655798,Pelagibacter
3972,AH-657-D10,190402,Respiring cells (RSG-positive),0.0153265181921161,Unclassified
3973,AH-657-D11,190402,Respiring cells (RSG-positive),0.0647786990944025,Unclassified
3974,AH-657-D13,190402,Respiring cells (RSG-positive),0.0914374939102133,Unclassified
3975,AH-657-D15,190402,Respiring cells (RSG-positive),0.33403956917833505,Planktomarina
3976,AH-657-D16,190402,Respiring cells (RSG-positive),0.0042417974981971895,Pelagibacter
3977,AH-657-D17,190402,Respiring cells (RSG-positive),0.00519759559824654,UBA4441
3978,AH-657-D18,190402,Respiring cells (RSG-positive),0.00499847983467774,GCA-2684605
3979,AH-657-D19,190402,Respiring cells (RSG-positive),0.00445080618648759,OM182
3980,AH-657-D20,190402,Respiring cells (RSG-positive),0.006276363607935639,Winogradskyella
3981,AH-657-D21,190402,Respiring cells (RSG-positive),0.00434157129666518,Pelagibacter
3982,AH-657-D22,190402,Respiring cells (RSG-positive),0.0198591435489167,UBA7428
3983,AH-657-D23,190402,Respiring cells (RSG-positive),0.0140912876778504,Flavobacteriales
3984,AH-657-E02,190402,Respiring cells (RSG-positive),0.004860786655212171,D2472
3985,AH-657-E03,190402,Respiring cells (RSG-positive),0.00802348562619923,UBA4582
3986,AH-657-E04,190402,Respiring cells (RSG-positive),0.9083271953862428,Octadecabacter
3987,AH-657-E05,190402,Respiring cells (RSG-positive),0.100163731137002,Unclassified
3988,AH-657-E06,190402,Respiring cells (RSG-positive),0.0538357490740096,Unclassified
3989,AH-657-E07,190402,Respiring cells (RSG-positive),0.01879888382301,Amylibacter
3990,AH-657-E08,190402,Respiring cells (RSG-positive),0.0354619008518658,MAG-121220-bin8
3991,AH-657-E09,190402,Respiring cells (RSG-positive),0.0044513023113251894,D2472
3992,AH-657-E10,190402,Respiring cells (RSG-positive),0.00635122507502685,Winogradskyella
3993,AH-657-E11,190402,Respiring cells (RSG-positive),0.00438690718657944,HTCC2207
3994,AH-657-E13,190402,Respiring cells (RSG-positive),0.0476893398310213,Unclassified
3995,AH-657-E14,190402,Respiring cells (RSG-positive),0.0051433483935524795,TMED189
3996,AH-657-E15,190402,Respiring cells (RSG-positive),0.00750263852362089,Unclassified
3997,AH-657-E16,190402,Respiring cells (RSG-positive),0.00537576486205903,SCGC-AAA076-P13
3998,AH-657-E17,190402,Respiring cells (RSG-positive),0.00422003385682155,HTCC2207
3999,AH-657-E18,190402,Respiring cells (RSG-positive),0.00506306189863583,D2472
4000,AH-657-E19,190402,Respiring cells (RSG-positive),0.0465059527592223,GCA-002733185
4001,AH-657-E20,190402,Respiring cells (RSG-positive),0.0155178509823027,MAG-121220-bin8
4002,AH-657-E22,190402,Respiring cells (RSG-positive),0.00432226675177647,HTCC2207
4003,AH-657-E23,190402,Respiring cells (RSG-positive),0.00469742991255441,AAA536-G10
4004,AH-657-F02,190402,Respiring cells (RSG-positive),0.00490599093387428,Unclassified
4005,AH-657-F03,190402,Respiring cells (RSG-positive),0.0071928078273189,Unclassified
4006,AH-657-F04,190402,Respiring cells (RSG-positive),0.0852306029991222,SCGC-AAA160-P02
4007,AH-657-F05,190402,Respiring cells (RSG-positive),0.00932955111676528,Unclassified
4008,AH-657-F06,190402,Respiring cells (RSG-positive),0.00410421010098559,Pelagibacter
4009,AH-657-F07,190402,Respiring cells (RSG-positive),0.00401448254359401,Pelagibacter
4010,AH-657-F08,190402,Respiring cells (RSG-positive),0.0312926798339216,Unclassified
4011,AH-657-F09,190402,Respiring cells (RSG-positive),0.0503853846538087,Unclassified
4012,AH-657-F11,190402,Respiring cells (RSG-positive),0.0114133773863479,Amylibacter
4013,AH-657-F13,190402,Respiring cells (RSG-positive),0.00427146646305926,AG-422-B15
4014,AH-657-F14,190402,Respiring cells (RSG-positive),0.0281053775715093,MS024-2A
4015,AH-657-F15,190402,Respiring cells (RSG-positive),0.00505125795441067,HTCC2207
4016,AH-657-F17,190402,Respiring cells (RSG-positive),0.0417674870579403,Unclassified
4017,AH-657-F18,190402,Respiring cells (RSG-positive),0.0305725146166529,UBA7428
4018,AH-657-F19,190402,Respiring cells (RSG-positive),0.33721350548531503,GCA-002733185
4019,AH-657-F20,190402,Respiring cells (RSG-positive),0.0056888813261297706,SCGC-AAA076-P13
4020,AH-657-F21,190402,Respiring cells (RSG-positive),0.0071671119718554905,MED-G78
4021,AH-657-G02,190402,Respiring cells (RSG-positive),0.0044089397903439,Pelagibacter
4022,AH-657-G03,190402,Respiring cells (RSG-positive),0.0100269475746031,MED-G20
4023,AH-657-G04,190402,Respiring cells (RSG-positive),0.004194143018755821,Pelagibacter
4024,AH-657-G05,190402,Respiring cells (RSG-positive),0.0048947527810222794,D2472
4025,AH-657-G06,190402,Respiring cells (RSG-positive),0.00514071233686922,HTCC2207
4026,AH-657-G07,190402,Respiring cells (RSG-positive),0.0772663220434401,Planktomarina
4027,AH-657-G08,190402,Respiring cells (RSG-positive),0.12673034516566198,Ulvibacter
4028,AH-657-G09,190402,Respiring cells (RSG-positive),0.00542900439330991,OM182
4029,AH-657-G10,190402,Respiring cells (RSG-positive),0.0131098071185855,Unclassified
4030,AH-657-G11,190402,Respiring cells (RSG-positive),0.0044971482502809,Pelagibacter
4031,AH-657-G13,190402,Respiring cells (RSG-positive),0.0059851035715012,SCGC-AAA076-P13
4032,AH-657-G14,190402,Respiring cells (RSG-positive),0.0873128620293302,ASP10-02a
4033,AH-657-G15,190402,Respiring cells (RSG-positive),0.00470973111690367,GCA-2684605
4034,AH-657-G16,190402,Respiring cells (RSG-positive),0.00442706484617329,HTCC2207
4035,AH-657-G17,190402,Respiring cells (RSG-positive),0.006672483489645179,UBA9145
4036,AH-657-G18,190402,Respiring cells (RSG-positive),0.0183230032631659,MAG-121220-bin8
4037,AH-657-G19,190402,Respiring cells (RSG-positive),0.0246003230068195,MAG-121220-bin8
4038,AH-657-G20,190402,Respiring cells (RSG-positive),0.007163271778544509,Thioglobus
4039,AH-657-I03,190402,Respiring cells (RSG-positive),0.0124686088250625,UBA9926
4040,AH-657-I04,190402,Respiring cells (RSG-positive),0.0521665186208564,Unclassified
4041,AH-657-I05,190402,Respiring cells (RSG-positive),0.0042416657091379215,Unclassified
4042,AH-657-I06,190402,Respiring cells (RSG-positive),0.0502944746606174,HC6-5
4043,AH-657-I07,190402,Respiring cells (RSG-positive),0.0887521967009452,Amylibacter
4044,AH-657-I08,190402,Respiring cells (RSG-positive),0.0473516047327795,UBA5081
4045,AH-657-I09,190402,Respiring cells (RSG-positive),0.172267584267083,Planktomarina
4046,AH-657-I10,190402,Respiring cells (RSG-positive),0.376579807952419,SCGC-AAA160-P02
4047,AH-657-I11,190402,Respiring cells (RSG-positive),0.00579767163293133,Oceanihabitans
4048,AH-657-I13,190402,Respiring cells (RSG-positive),0.00408207737298448,Pelagibacter
4049,AH-657-I14,190402,Respiring cells (RSG-positive),0.0267565589550071,Planktomarina
4050,AH-657-I15,190402,Respiring cells (RSG-positive),0.00653741927612689,SCGC-AAA076-P13
4051,AH-657-I16,190402,Respiring cells (RSG-positive),0.116099222008325,Hel1-33-131
4052,AH-657-I17,190402,Respiring cells (RSG-positive),1.25085560545993,ASP10-02a
4053,AH-657-I18,190402,Respiring cells (RSG-positive),0.0040308652164993295,HTCC2207
4054,AH-657-I19,190402,Respiring cells (RSG-positive),0.0048208437726007,D2472
4055,AH-657-I20,190402,Respiring cells (RSG-positive),0.00466227205103473,D2472
4056,AH-657-I21,190402,Respiring cells (RSG-positive),0.0246067728283069,UBA4465
4057,AH-657-I22,190402,Respiring cells (RSG-positive),0.00423558233939395,AG-422-B15
4058,AH-657-I23,190402,Respiring cells (RSG-positive),0.00420476290146877,HTCC2207
4059,AH-657-J03,190402,Respiring cells (RSG-positive),0.122812869569504,SCGC-AAA160-P02
4060,AH-657-J04,190402,Respiring cells (RSG-positive),0.00424730334710235,Unclassified
4061,AH-657-J05,190402,Respiring cells (RSG-positive),0.032513588433673,Unclassified
4062,AH-657-J06,190402,Respiring cells (RSG-positive),0.00508830364187076,Thioglobus
4063,AH-657-J07,190402,Respiring cells (RSG-positive),0.19333306649050305,Unclassified
4064,AH-657-J09,190402,Respiring cells (RSG-positive),0.00723640588354868,UBA4582
4065,AH-657-J10,190402,Respiring cells (RSG-positive),0.134656222163789,Ascidiaceihabitans
4066,AH-657-J11,190402,Respiring cells (RSG-positive),0.28104429132977504,Octadecabacter
4067,AH-657-J13,190402,Respiring cells (RSG-positive),0.00410371759876664,Pelagibacter
4068,AH-657-J14,190402,Respiring cells (RSG-positive),0.02854484417386,UBA7428
4069,AH-657-J15,190402,Respiring cells (RSG-positive),0.0482538450196897,SCGC-AAA160-P02
4070,AH-657-J16,190402,Respiring cells (RSG-positive),0.007674614927014421,OM182
4071,AH-657-J17,190402,Respiring cells (RSG-positive),0.0128365844620373,Thioglobus
4072,AH-657-J18,190402,Respiring cells (RSG-positive),0.00450466910440756,Pelagibacter
4073,AH-657-J19,190402,Respiring cells (RSG-positive),0.00464881545734008,Pelagibacter
4074,AH-657-J20,190402,Respiring cells (RSG-positive),0.00479330203539986,D2472
4075,AH-657-J21,190402,Respiring cells (RSG-positive),0.00418949107237995,Pelagibacter
4076,AH-657-J23,190402,Respiring cells (RSG-positive),0.0112360244323127,Thioglobus
4077,AH-657-K03,190402,Respiring cells (RSG-positive),0.6336076404770561,Flavobacteriales
4078,AH-657-K04,190402,Respiring cells (RSG-positive),0.00430459583138275,Unclassified
4079,AH-657-K05,190402,Respiring cells (RSG-positive),0.0239920213146121,UBA4465
4080,AH-657-K06,190402,Respiring cells (RSG-positive),0.00431084947518507,MED-G09
4081,AH-657-K07,190402,Respiring cells (RSG-positive),0.178794206782022,Amylibacter
4082,AH-657-K08,190402,Respiring cells (RSG-positive),0.00527949255687037,D2472
4083,AH-657-K09,190402,Respiring cells (RSG-positive),0.00973232927606299,UBA10364
4084,AH-657-K10,190402,Respiring cells (RSG-positive),0.004325499343363221,Pelagibacter
4085,AH-657-K11,190402,Respiring cells (RSG-positive),0.0103155705267823,UBA4592
4086,AH-657-K13,190402,Respiring cells (RSG-positive),0.0698900067797925,Planktomarina
4087,AH-657-K14,190402,Respiring cells (RSG-positive),0.0380148630643599,Polaribacter
4088,AH-657-K15,190402,Respiring cells (RSG-positive),11.5047844591046,Unclassified
4089,AH-657-K16,190402,Respiring cells (RSG-positive),0.00465678165678226,D2472
4090,AH-657-K17,190402,Respiring cells (RSG-positive),0.0044843502414603715,AAA536-G10
4091,AH-657-K18,190402,Respiring cells (RSG-positive),0.145142985485315,UBA1994
4092,AH-657-K19,190402,Respiring cells (RSG-positive),0.0453316800146291,GCA-002733185
4093,AH-657-K20,190402,Respiring cells (RSG-positive),0.041389629181904,UBA7428
4094,AH-657-K21,190402,Respiring cells (RSG-positive),0.0662737304356861,HC6-5
4095,AH-657-K22,190402,Respiring cells (RSG-positive),0.0116675171547665,GCA-2705205
4096,AH-657-L02,190402,Respiring cells (RSG-positive),0.0664605993969213,Amylibacter
4097,AH-657-L03,190402,Respiring cells (RSG-positive),0.119335853471421,UBA7428
4098,AH-657-L04,190402,Respiring cells (RSG-positive),0.0052293944724535295,D2472
4099,AH-657-L05,190402,Respiring cells (RSG-positive),0.0261433763360816,Unclassified
4100,AH-657-L06,190402,Respiring cells (RSG-positive),0.00466455951186426,D2472
4101,AH-657-L07,190402,Respiring cells (RSG-positive),0.00441703956045389,D2472
4102,AH-657-L08,190402,Respiring cells (RSG-positive),0.0681186738184849,SCGC-AAA160-P02
4103,AH-657-L09,190402,Respiring cells (RSG-positive),0.18623955556217894,Unclassified
4104,AH-657-L10,190402,Respiring cells (RSG-positive),0.00565119295272641,Unclassified
4105,AH-657-L11,190402,Respiring cells (RSG-positive),0.0169008939179424,MAG-121220-bin8
4106,AH-657-L13,190402,Respiring cells (RSG-positive),0.0235629988991205,MAG-120531
4107,AH-657-L14,190402,Respiring cells (RSG-positive),0.00527973861047633,SCGC-AAA076-P13
4108,AH-657-L15,190402,Respiring cells (RSG-positive),0.00422437107110232,D2472
4109,AH-657-L18,190402,Respiring cells (RSG-positive),2.8076207564578097,ASP10-02a
4110,AH-657-L19,190402,Respiring cells (RSG-positive),0.0048018104689182715,UBA4582
4111,AH-657-L20,190402,Respiring cells (RSG-positive),0.00886532195524158,BACL11
4112,AH-657-L23,190402,Respiring cells (RSG-positive),0.00461054906309706,Puniceispirillum
4113,AH-657-M02,190402,Respiring cells (RSG-positive),0.0316760100270516,MAG-120531
4114,AH-657-M03,190402,Respiring cells (RSG-positive),0.0843415441797205,Reinekea
4115,AH-657-M04,190402,Respiring cells (RSG-positive),0.0456816123422948,Hel1-33-131
4116,AH-657-M05,190402,Respiring cells (RSG-positive),0.0978053844148147,UBA9320
4117,AH-657-M06,190402,Respiring cells (RSG-positive),0.157268840332169,UBA4465
4118,AH-657-M07,190402,Respiring cells (RSG-positive),0.519363302881068,Planktomarina
4119,AH-657-M08,190402,Respiring cells (RSG-positive),0.00402965388211492,Unclassified
4120,AH-657-M09,190402,Respiring cells (RSG-positive),0.00608889611976105,UBA4582
4121,AH-657-M10,190402,Respiring cells (RSG-positive),0.194405991818186,UBA7428
4122,AH-657-M11,190402,Respiring cells (RSG-positive),0.15338118432060002,Amylibacter
4123,AH-657-M13,190402,Respiring cells (RSG-positive),0.00938409600908055,UBA9926
4124,AH-657-M14,190402,Respiring cells (RSG-positive),0.0248345495915775,Amylibacter
4125,AH-657-M15,190402,Respiring cells (RSG-positive),0.13622106570452194,Polaribacter
4126,AH-657-M16,190402,Respiring cells (RSG-positive),0.00587411922632282,D2472
4127,AH-657-M17,190402,Respiring cells (RSG-positive),0.0182865694542017,TCS55
4128,AH-657-M18,190402,Respiring cells (RSG-positive),0.007757638131336209,UBA4582
4129,AH-657-M19,190402,Respiring cells (RSG-positive),0.00409005951904159,AAA536-G10
4130,AH-657-M20,190402,Respiring cells (RSG-positive),0.00431687496629794,Litoricola
4131,AH-657-M21,190402,Respiring cells (RSG-positive),0.03186602891099,Unclassified
4132,AH-657-M22,190402,Respiring cells (RSG-positive),0.008831661549003809,Thioglobus
4133,AH-657-M23,190402,Respiring cells (RSG-positive),0.0105284671045238,Unclassified
4134,AH-657-N02,190402,Respiring cells (RSG-positive),0.00412789179295931,AAA536-G10
4135,AH-657-N03,190402,Respiring cells (RSG-positive),0.0252729785924939,Amylibacter
4136,AH-657-N04,190402,Respiring cells (RSG-positive),0.0223392809681238,Unclassified
4137,AH-657-N05,190402,Respiring cells (RSG-positive),0.0687018494009423,Amylibacter
4138,AH-657-N06,190402,Respiring cells (RSG-positive),0.00685795395741314,MED-G78
4139,AH-657-N07,190402,Respiring cells (RSG-positive),0.0662467102484063,HC6-5
4140,AH-657-N08,190402,Respiring cells (RSG-positive),0.0047703879138356,Unclassified
4141,AH-657-N10,190402,Respiring cells (RSG-positive),0.247833691728406,Unclassified
4142,AH-657-N11,190402,Respiring cells (RSG-positive),0.0051361324089062785,D2472
4143,AH-657-N13,190402,Respiring cells (RSG-positive),0.26816356891444104,HC6-5
4144,AH-657-N14,190402,Respiring cells (RSG-positive),0.00798241205726318,Thioglobus
4145,AH-657-N15,190402,Respiring cells (RSG-positive),0.0183067857064424,MS024-2A
4146,AH-657-N16,190402,Respiring cells (RSG-positive),4.13394463268113,ASP10-02a
4147,AH-657-N17,190402,Respiring cells (RSG-positive),0.0121176037885394,GCA-002717915
4148,AH-657-N18,190402,Respiring cells (RSG-positive),0.103072132752011,Planktomarina
4149,AH-657-N20,190402,Respiring cells (RSG-positive),0.12585972424241698,Unclassified
4150,AH-657-N21,190402,Respiring cells (RSG-positive),1.11636078380065,Flavobacteriaceae
4151,AH-657-O02,190402,Respiring cells (RSG-positive),0.0822806001724761,Amylibacter
4152,AH-657-O03,190402,Respiring cells (RSG-positive),0.0561909420434637,MAG-121220-bin8
4153,AH-657-O04,190402,Respiring cells (RSG-positive),0.0670790595611851,Amylibacter
4154,AH-657-O05,190402,Respiring cells (RSG-positive),0.0165250263769524,MAG-121220-bin8
4155,AH-657-O06,190402,Respiring cells (RSG-positive),0.00499789749003399,D2472
4156,AH-657-O07,190402,Respiring cells (RSG-positive),0.0450019022701456,Planktomarina
4157,AH-657-O08,190402,Respiring cells (RSG-positive),0.0425806876304933,MAG-120531
4158,AH-657-O09,190402,Respiring cells (RSG-positive),0.0102151448018608,Unclassified
4159,AH-657-O10,190402,Respiring cells (RSG-positive),0.005311905939515129,Unclassified
4160,AH-657-O11,190402,Respiring cells (RSG-positive),0.0171050371064282,Unclassified
4161,AH-657-O13,190402,Respiring cells (RSG-positive),0.0455540527723901,Polaribacter
4162,AH-657-O14,190402,Respiring cells (RSG-positive),0.0428560899755904,MAG-121220-bin8
4163,AH-657-O15,190402,Respiring cells (RSG-positive),0.0043829213828435395,HTCC2207
4164,AH-657-O17,190402,Respiring cells (RSG-positive),0.3055723856915949,Polaribacter
4165,AH-657-O18,190402,Respiring cells (RSG-positive),0.00417537319482999,Unclassified
4166,AH-657-O21,190402,Respiring cells (RSG-positive),0.00482814460824065,RS62
4167,AH-657-P01,190402,Respiring cells (RSG-positive),0.0041061408332139894,Unclassified
4168,AH-657-P03,190402,Respiring cells (RSG-positive),0.393061960399241,UBA7428
4169,AH-657-P05,190402,Respiring cells (RSG-positive),0.0536551964632878,Unclassified
4170,AH-657-P06,190402,Respiring cells (RSG-positive),0.01337239787577,UBA10364
4171,AH-657-P07,190402,Respiring cells (RSG-positive),0.0121911237290646,Unclassified
4172,AH-657-P08,190402,Respiring cells (RSG-positive),0.00573839819948422,D2472
4173,AH-657-P09,190402,Respiring cells (RSG-positive),0.0615594398185434,UBA10347
4174,AH-657-P11,190402,Respiring cells (RSG-positive),0.0201251074669835,Unclassified
4175,AH-657-P14,190402,Respiring cells (RSG-positive),0.0049137899749077,D2472
4176,AH-657-P15,190402,Respiring cells (RSG-positive),0.00644213583397154,MGIIa-L1
4177,AH-657-P16,190402,Respiring cells (RSG-positive),0.00489685381181654,D2472
4178,AH-657-P17,190402,Respiring cells (RSG-positive),3.40558180031797,Planktomarina
4179,AH-657-P18,190402,Respiring cells (RSG-positive),0.0395855770759045,Planktomarina
4180,AH-657-P19,190402,Respiring cells (RSG-positive),0.0689263422412846,Unclassified
4181,AH-657-P21,190402,Respiring cells (RSG-positive),0.0269856264188676,MAG-121220-bin8
4182,AH-657-P22,190402,Respiring cells (RSG-positive),0.0883601217467375,Polaribacter
4183,AH-657-P23,190402,Respiring cells (RSG-positive),0.222889143393312,HC6-5
4456,AH-700-A01,190709,Respiring cells (RSG-positive),0.0038711676038019,Pelagibacter
4457,AH-700-A02,190709,Respiring cells (RSG-positive),0.00932614581567822,Unclassified
4458,AH-700-A03,190709,Respiring cells (RSG-positive),0.0071749099957621795,Unclassified
4459,AH-700-A04,190709,Respiring cells (RSG-positive),0.00439501683316432,BACL21
4460,AH-700-A05,190709,Respiring cells (RSG-positive),0.00534703045411534,Unclassified
4461,AH-700-A06,190709,Respiring cells (RSG-positive),0.00392572679640635,GCA-002712045
4462,AH-700-A07,190709,Respiring cells (RSG-positive),0.00762519257023462,MAG-121220-bin8
4463,AH-700-A08,190709,Respiring cells (RSG-positive),0.00545465100224489,MAG-121220-bin8
4464,AH-700-A09,190709,Respiring cells (RSG-positive),0.00393837859913981,Pelagibacter
4465,AH-700-A11,190709,Respiring cells (RSG-positive),0.0514752113186537,Planktomarina
4466,AH-700-A13,190709,Respiring cells (RSG-positive),0.0125867637815202,Hel1-33-131
4467,AH-700-A14,190709,Respiring cells (RSG-positive),0.0046279668265017705,RS62
4468,AH-700-A15,190709,Respiring cells (RSG-positive),0.00387070231487937,MGIIa-L1
4469,AH-700-A17,190709,Respiring cells (RSG-positive),0.00562209978626565,Pontimonas
4470,AH-700-A18,190709,Respiring cells (RSG-positive),0.00574343710151408,SCGC-AAA076-P13
4471,AH-700-A20,190709,Respiring cells (RSG-positive),0.0234627785189827,UBA10329
4472,AH-700-A21,190709,Respiring cells (RSG-positive),0.00384868668909146,MB11C04
4473,AH-700-A22,190709,Respiring cells (RSG-positive),0.00434235457842849,SCGC-AAA076-P13
4474,AH-700-B02,190709,Respiring cells (RSG-positive),0.00486457314005457,SCGC-AAA076-P13
4475,AH-700-B05,190709,Respiring cells (RSG-positive),0.00472081213986767,Pontimonas
4476,AH-700-B07,190709,Respiring cells (RSG-positive),0.00386637833107698,AAA536-G10
4477,AH-700-B08,190709,Respiring cells (RSG-positive),0.00396741563717698,Unclassified
4478,AH-700-B10,190709,Respiring cells (RSG-positive),0.00547773759653502,MED-G78
4479,AH-700-B11,190709,Respiring cells (RSG-positive),0.0289270753132524,Unclassified
4480,AH-700-B13,190709,Respiring cells (RSG-positive),0.00538224090327991,UBA9320
4481,AH-700-B14,190709,Respiring cells (RSG-positive),0.259672347338014,Unclassified
4482,AH-700-B15,190709,Respiring cells (RSG-positive),0.0045906742731986715,Unclassified
4483,AH-700-B16,190709,Respiring cells (RSG-positive),0.00403394888208828,Flavicella
4484,AH-700-B17,190709,Respiring cells (RSG-positive),0.00451418757259925,UBA6489
4485,AH-700-B18,190709,Respiring cells (RSG-positive),0.00460853239219652,SCGC-AAA076-P13
4486,AH-700-B19,190709,Respiring cells (RSG-positive),0.00456128256831666,OM182
4487,AH-700-B21,190709,Respiring cells (RSG-positive),0.00396483682304955,D2472
4488,AH-700-B22,190709,Respiring cells (RSG-positive),0.0835347228827668,Unclassified
4489,AH-700-B23,190709,Respiring cells (RSG-positive),0.005307173492929,Unclassified
4490,AH-700-C02,190709,Respiring cells (RSG-positive),0.00407481576457454,Unclassified
4491,AH-700-C03,190709,Respiring cells (RSG-positive),0.00412672085709955,Unclassified
4492,AH-700-C04,190709,Respiring cells (RSG-positive),0.081799486421853,Amylibacter
4493,AH-700-C05,190709,Respiring cells (RSG-positive),0.00926443282294083,SCGC-AAA160-P02
4494,AH-700-C06,190709,Respiring cells (RSG-positive),0.00526021308687521,MS024-2A
4495,AH-700-C07,190709,Respiring cells (RSG-positive),0.0250222235919066,Unclassified
4496,AH-700-C08,190709,Respiring cells (RSG-positive),0.00400177936286922,Unclassified
4497,AH-700-C09,190709,Respiring cells (RSG-positive),0.0078917252179766,UBA6772
4498,AH-700-C11,190709,Respiring cells (RSG-positive),0.00458939255981011,Unclassified
4499,AH-700-C13,190709,Respiring cells (RSG-positive),0.00589935922872104,SCGC-AAA076-P13
4500,AH-700-C14,190709,Respiring cells (RSG-positive),0.00587218041214327,HTCC2207
4501,AH-700-C15,190709,Respiring cells (RSG-positive),0.00444547763038466,UBA7985
4502,AH-700-C16,190709,Respiring cells (RSG-positive),0.00405223426717151,Litoricola
4503,AH-700-C17,190709,Respiring cells (RSG-positive),0.006269298680019029,Aquiluna
4504,AH-700-C18,190709,Respiring cells (RSG-positive),0.0045378488844729,Hellea
4505,AH-700-C19,190709,Respiring cells (RSG-positive),0.00429161486311834,SCGC-AAA076-P13
4506,AH-700-C20,190709,Respiring cells (RSG-positive),0.0494874743361097,Unclassified
4507,AH-700-C21,190709,Respiring cells (RSG-positive),0.00474810885009111,SCGC-AAA076-P13
4508,AH-700-C22,190709,Respiring cells (RSG-positive),0.00562410892604387,SCGC-AAA076-P13
4509,AH-700-D02,190709,Respiring cells (RSG-positive),0.0039003961580202796,Unclassified
4510,AH-700-D03,190709,Respiring cells (RSG-positive),0.0042871886285451395,Unclassified
4511,AH-700-D04,190709,Respiring cells (RSG-positive),0.00899414020594704,MAG-121220-bin8
4512,AH-700-D05,190709,Respiring cells (RSG-positive),0.00383555042432165,Unclassified
4513,AH-700-D06,190709,Respiring cells (RSG-positive),0.00421181931794174,Pelagibacter
4514,AH-700-D07,190709,Respiring cells (RSG-positive),0.00435808292845053,Pelagibacter
4515,AH-700-D08,190709,Respiring cells (RSG-positive),0.00515220504404447,Unclassified
4516,AH-700-D09,190709,Respiring cells (RSG-positive),0.016124575907214,Hel1-33-131
4517,AH-700-D11,190709,Respiring cells (RSG-positive),0.00391865870200605,Unclassified
4518,AH-700-D13,190709,Respiring cells (RSG-positive),0.00467932726570363,Unclassified
4519,AH-700-D14,190709,Respiring cells (RSG-positive),0.00413950690282516,UBA4588
4520,AH-700-D15,190709,Respiring cells (RSG-positive),0.00593647737288428,SCGC-AAA076-P13
4521,AH-700-D16,190709,Respiring cells (RSG-positive),0.00827287724240724,MS024-2A
4522,AH-700-D17,190709,Respiring cells (RSG-positive),0.0180113301824568,Unclassified
4523,AH-700-D18,190709,Respiring cells (RSG-positive),0.0101282172102211,SGZJ01
4524,AH-700-D19,190709,Respiring cells (RSG-positive),0.004649373378754779,Pontimonas
4525,AH-700-D20,190709,Respiring cells (RSG-positive),0.0047521942004483606,SCGC-AAA076-P13
4526,AH-700-D21,190709,Respiring cells (RSG-positive),0.0100709115028527,Aquiluna
4527,AH-700-D22,190709,Respiring cells (RSG-positive),0.0228993188541207,Unclassified
4528,AH-700-E02,190709,Respiring cells (RSG-positive),0.0537761936285015,Unclassified
4529,AH-700-E03,190709,Respiring cells (RSG-positive),0.0047039610357480005,HTCC2207
4530,AH-700-E04,190709,Respiring cells (RSG-positive),0.022221124904254,Unclassified
4531,AH-700-E05,190709,Respiring cells (RSG-positive),0.0204972255830074,UBA955
4532,AH-700-E07,190709,Respiring cells (RSG-positive),0.00403208497961377,HTCC2207
4533,AH-700-E09,190709,Respiring cells (RSG-positive),0.330042017590835,Amylibacter
4534,AH-700-E10,190709,Respiring cells (RSG-positive),0.00518599157071205,Unclassified
4535,AH-700-E11,190709,Respiring cells (RSG-positive),0.0105170038572158,SCGC-AAA160-P02
4536,AH-700-E13,190709,Respiring cells (RSG-positive),0.138781591417274,Planktomarina
4537,AH-700-E14,190709,Respiring cells (RSG-positive),0.005820491809517671,UBA6772
4538,AH-700-E15,190709,Respiring cells (RSG-positive),0.00432417326865755,Unclassified
4539,AH-700-E16,190709,Respiring cells (RSG-positive),0.00394351955674028,MED-G09
4540,AH-700-E17,190709,Respiring cells (RSG-positive),0.0038440058446286094,Pelagibacter
4541,AH-700-E18,190709,Respiring cells (RSG-positive),0.00444819509606609,Puniceispirillum
4542,AH-700-E19,190709,Respiring cells (RSG-positive),0.0262380238472585,Unclassified
4543,AH-700-E20,190709,Respiring cells (RSG-positive),0.00400116893032457,TMED189
4544,AH-700-E21,190709,Respiring cells (RSG-positive),0.0193760537835159,UBA7428
4545,AH-700-E22,190709,Respiring cells (RSG-positive),0.0148883220981579,UBA4465
4546,AH-700-E23,190709,Respiring cells (RSG-positive),0.00405261757651381,HTCC2207
4547,AH-700-F02,190709,Respiring cells (RSG-positive),0.00585682939388268,MAG-121220-bin8
4548,AH-700-F03,190709,Respiring cells (RSG-positive),0.00487665101159795,Puniceispirillum
4549,AH-700-F04,190709,Respiring cells (RSG-positive),0.0148591218282791,Unclassified
4550,AH-700-F05,190709,Respiring cells (RSG-positive),0.00576511454596866,UA16
4551,AH-700-F06,190709,Respiring cells (RSG-positive),0.00421285732678962,TMED189
4552,AH-700-F07,190709,Respiring cells (RSG-positive),0.00492958800138287,Unclassified
4553,AH-700-F08,190709,Respiring cells (RSG-positive),0.0136941237851898,UBA4592
4554,AH-700-F09,190709,Respiring cells (RSG-positive),0.00698367420329991,Unclassified
4555,AH-700-F10,190709,Respiring cells (RSG-positive),0.0360983180074177,Planktomarina
4556,AH-700-F11,190709,Respiring cells (RSG-positive),0.0050745189621696895,SCGC-AAA076-P13
4557,AH-700-F13,190709,Respiring cells (RSG-positive),0.00823260497901754,Thioglobus
4558,AH-700-F14,190709,Respiring cells (RSG-positive),0.00504108667760619,Unclassified
4559,AH-700-F15,190709,Respiring cells (RSG-positive),0.15520883345543898,Planktomarina
4560,AH-700-F16,190709,Respiring cells (RSG-positive),0.00530609149980684,Unclassified
4561,AH-700-F17,190709,Respiring cells (RSG-positive),0.00395772713265721,HTCC2207
4562,AH-700-F18,190709,Respiring cells (RSG-positive),0.00542213514713213,MED-G11
4563,AH-700-F19,190709,Respiring cells (RSG-positive),0.00393629200477411,Puniceispirillum
4564,AH-700-F20,190709,Respiring cells (RSG-positive),0.0687605743761386,Amylibacter
4565,AH-700-F21,190709,Respiring cells (RSG-positive),0.00405168741966755,Unclassified
4566,AH-700-F22,190709,Respiring cells (RSG-positive),0.00453998713858958,MED-G09
4567,AH-700-F23,190709,Respiring cells (RSG-positive),0.00393666335311996,Unclassified
4568,AH-700-G02,190709,Respiring cells (RSG-positive),0.0111317812480679,Thioglobus
4569,AH-700-G03,190709,Respiring cells (RSG-positive),0.0038308558004888603,Unclassified
4570,AH-700-G04,190709,Respiring cells (RSG-positive),0.00737401671994455,CPC320
4571,AH-700-G05,190709,Respiring cells (RSG-positive),0.00407721005653805,Pelagibacter
4572,AH-700-G06,190709,Respiring cells (RSG-positive),0.00442000914042962,Pelagibacter
4573,AH-700-G07,190709,Respiring cells (RSG-positive),0.00388130355980775,Unclassified
4574,AH-700-G08,190709,Respiring cells (RSG-positive),0.0145584852750101,Hel1-33-131
4575,AH-700-G09,190709,Respiring cells (RSG-positive),0.006056961478712,Flavobacteriaceae
4576,AH-700-G10,190709,Respiring cells (RSG-positive),0.004636796709567711,SCGC-AAA076-P13
4577,AH-700-G11,190709,Respiring cells (RSG-positive),0.0063023895596525294,MS024-2A
4578,AH-700-G13,190709,Respiring cells (RSG-positive),0.0208685233506137,Unclassified
4579,AH-700-G14,190709,Respiring cells (RSG-positive),0.00403156911279881,SCGC-AAA076-P13
4580,AH-700-G15,190709,Respiring cells (RSG-positive),0.00956119286777222,SGZJ01
4581,AH-700-G17,190709,Respiring cells (RSG-positive),0.012569373361441002,Unclassified
4582,AH-700-G18,190709,Respiring cells (RSG-positive),0.0116998020744326,GCA-2705205
4583,AH-700-G19,190709,Respiring cells (RSG-positive),0.00509692694079931,Unclassified
4584,AH-700-G20,190709,Respiring cells (RSG-positive),0.0280988291555043,Planktomarina
4585,AH-700-G21,190709,Respiring cells (RSG-positive),0.00422498881004215,SCGC-AAA076-P13
4586,AH-700-G23,190709,Respiring cells (RSG-positive),0.007656558899721809,Unclassified
4587,AH-700-I02,190709,Respiring cells (RSG-positive),0.0039287654284848785,Pelagibacter
4588,AH-700-I03,190709,Respiring cells (RSG-positive),0.00471866843740806,HTCC2207
4589,AH-700-I04,190709,Respiring cells (RSG-positive),0.00634228983903795,UBA9320
4590,AH-700-I06,190709,Respiring cells (RSG-positive),0.00549250027658793,SCGC-AAA076-P13
4591,AH-700-I07,190709,Respiring cells (RSG-positive),0.0042221322170316,OM182
4592,AH-700-I08,190709,Respiring cells (RSG-positive),0.003869339843711921,Pelagibacter
4593,AH-700-I09,190709,Respiring cells (RSG-positive),0.00403048819093244,D2472
4594,AH-700-I10,190709,Respiring cells (RSG-positive),0.0069184660781402,UBA7428
4595,AH-700-I11,190709,Respiring cells (RSG-positive),0.00622104478730793,Aquiluna
4596,AH-700-I13,190709,Respiring cells (RSG-positive),0.00464769620529594,SCGC-AAA076-P13
4597,AH-700-I14,190709,Respiring cells (RSG-positive),0.0043759130884763785,HTCC2207
4598,AH-700-I15,190709,Respiring cells (RSG-positive),0.007937709771673771,UBA7428
4599,AH-700-I16,190709,Respiring cells (RSG-positive),0.0039302449860364715,Unclassified
4600,AH-700-I17,190709,Respiring cells (RSG-positive),0.00395301061992125,Pelagibacter
4601,AH-700-I18,190709,Respiring cells (RSG-positive),0.00508995399203852,TMED189
4602,AH-700-I19,190709,Respiring cells (RSG-positive),0.00468741219615248,OM182
4603,AH-700-I20,190709,Respiring cells (RSG-positive),0.00386385873842248,Pontimonas
4604,AH-700-I21,190709,Respiring cells (RSG-positive),0.22289347161325895,Amylibacter
4605,AH-700-I22,190709,Respiring cells (RSG-positive),0.0044811329393875604,SCGC-AAA076-P13
4606,AH-700-I23,190709,Respiring cells (RSG-positive),0.00385884770705055,Pelagibacter
4607,AH-700-J02,190709,Respiring cells (RSG-positive),0.005531589576094001,UBA952
4608,AH-700-J03,190709,Respiring cells (RSG-positive),0.00523122264002647,UBA9926
4609,AH-700-J04,190709,Respiring cells (RSG-positive),0.29864435484912605,Planktomarina
4610,AH-700-J05,190709,Respiring cells (RSG-positive),0.0069962704020319795,Thioglobus
4611,AH-700-J06,190709,Respiring cells (RSG-positive),0.0045842861975740395,Unclassified
4612,AH-700-J07,190709,Respiring cells (RSG-positive),0.00406715162794076,Unclassified
4613,AH-700-J08,190709,Respiring cells (RSG-positive),0.00460042003205535,SCGC-AAA076-P13
4614,AH-700-J09,190709,Respiring cells (RSG-positive),0.0044108639813617715,SCGC-AAA076-P13
4615,AH-700-J10,190709,Respiring cells (RSG-positive),0.00448014279553464,Hellea
4616,AH-700-J11,190709,Respiring cells (RSG-positive),0.00536197186792012,Pontimonas
4617,AH-700-J13,190709,Respiring cells (RSG-positive),0.0073711391120697,MS024-2A
4618,AH-700-J14,190709,Respiring cells (RSG-positive),0.00663286254181638,HTCC2207
4619,AH-700-J15,190709,Respiring cells (RSG-positive),0.0095547895965582,UBA4582
4620,AH-700-J16,190709,Respiring cells (RSG-positive),0.0047173519041688,HTCC2207
4621,AH-700-J17,190709,Respiring cells (RSG-positive),0.004912921742881629,MED-G78
4622,AH-700-J18,190709,Respiring cells (RSG-positive),0.0119183789817254,UBA9320
4623,AH-700-J19,190709,Respiring cells (RSG-positive),0.16080162941549,Planktomarina
4624,AH-700-J21,190709,Respiring cells (RSG-positive),0.025273518438563,Unclassified
4625,AH-700-J22,190709,Respiring cells (RSG-positive),0.00415763428556031,UBA4588
4626,AH-700-J23,190709,Respiring cells (RSG-positive),0.00884765961831093,Thioglobus
4627,AH-700-K03,190709,Respiring cells (RSG-positive),0.00501312866658225,Unclassified
4628,AH-700-K04,190709,Respiring cells (RSG-positive),0.00458386248164141,Puniceispirillum
4629,AH-700-K05,190709,Respiring cells (RSG-positive),0.00878703091873494,UBA9926
4630,AH-700-K07,190709,Respiring cells (RSG-positive),0.00398212746770481,Akkermansiaceae
4631,AH-700-K08,190709,Respiring cells (RSG-positive),0.0071762615867415,SCGC-AAA076-P13
4632,AH-700-K09,190709,Respiring cells (RSG-positive),0.00920357498628841,MS024-2A
4633,AH-700-K10,190709,Respiring cells (RSG-positive),0.00939490819236714,UBA4421
4634,AH-700-K11,190709,Respiring cells (RSG-positive),0.0038393448584069898,Unclassified
4635,AH-700-K13,190709,Respiring cells (RSG-positive),0.00619189094694325,Pontimonas
4636,AH-700-K14,190709,Respiring cells (RSG-positive),0.00402186514420528,HTCC2207
4637,AH-700-K15,190709,Respiring cells (RSG-positive),0.00389181140932252,Pelagibacter
4638,AH-700-K16,190709,Respiring cells (RSG-positive),0.00552811041500998,SCGC-AAA076-P13
4639,AH-700-K17,190709,Respiring cells (RSG-positive),0.27001331786083804,Rhizobiaceae
4640,AH-700-K18,190709,Respiring cells (RSG-positive),0.0046688150349141,BACL14
4641,AH-700-K19,190709,Respiring cells (RSG-positive),0.00813338797055633,Winogradskyella
4642,AH-700-K20,190709,Respiring cells (RSG-positive),0.00903157615848724,Flavobacteriaceae
4643,AH-700-K21,190709,Respiring cells (RSG-positive),0.00434417210019519,Unclassified
4644,AH-700-K22,190709,Respiring cells (RSG-positive),0.00400272083611235,MED-G09
4645,AH-700-K23,190709,Respiring cells (RSG-positive),0.00529414244149512,Unclassified
4646,AH-700-L02,190709,Respiring cells (RSG-positive),0.024504825150656,Thioglobus
4647,AH-700-L03,190709,Respiring cells (RSG-positive),0.00467727778619199,D2472
4648,AH-700-L04,190709,Respiring cells (RSG-positive),0.00433076650227734,SCGC-AAA076-P13
4649,AH-700-L05,190709,Respiring cells (RSG-positive),0.0202038117349786,Amylibacter
4650,AH-700-L06,190709,Respiring cells (RSG-positive),0.126688516496423,Unclassified
4651,AH-700-L07,190709,Respiring cells (RSG-positive),0.00388536431301989,D2472
4652,AH-700-L08,190709,Respiring cells (RSG-positive),0.00516394404745985,Unclassified
4653,AH-700-L09,190709,Respiring cells (RSG-positive),0.0122081330574699,Thioglobus
4654,AH-700-L10,190709,Respiring cells (RSG-positive),0.007093314405933191,Hel1-33-131
4655,AH-700-L13,190709,Respiring cells (RSG-positive),0.0206414978869773,Hel1-33-131
4656,AH-700-L14,190709,Respiring cells (RSG-positive),0.00476507369096755,D2472
4657,AH-700-L15,190709,Respiring cells (RSG-positive),0.00455307743430069,Puniceispirillum
4658,AH-700-L16,190709,Respiring cells (RSG-positive),0.018597118024798,Hel1-33-131
4659,AH-700-L17,190709,Respiring cells (RSG-positive),0.00490656256975683,MED-G85
4660,AH-700-L18,190709,Respiring cells (RSG-positive),0.00398349513830574,Pelagibacter
4661,AH-700-L19,190709,Respiring cells (RSG-positive),4.615376046300169,Flavimaricola
4662,AH-700-L20,190709,Respiring cells (RSG-positive),0.0053582872308118,Unclassified
4663,AH-700-L21,190709,Respiring cells (RSG-positive),0.00536481514044843,MS024-2A
4664,AH-700-L22,190709,Respiring cells (RSG-positive),0.009724319505682779,UBA1994
4665,AH-700-L23,190709,Respiring cells (RSG-positive),0.0147347354570481,Unclassified
4666,AH-700-M02,190709,Respiring cells (RSG-positive),0.00412725138372849,Hellea
4667,AH-700-M03,190709,Respiring cells (RSG-positive),0.00533751758390128,SCGC-AAA076-P13
4668,AH-700-M05,190709,Respiring cells (RSG-positive),0.18244525290764,Planktomarina
4669,AH-700-M06,190709,Respiring cells (RSG-positive),0.00487204143015319,Puniceispirillum
4670,AH-700-M07,190709,Respiring cells (RSG-positive),0.00579776169940616,SCGC-AAA076-P13
4671,AH-700-M08,190709,Respiring cells (RSG-positive),0.16665096109994598,Planktomarina
4672,AH-700-M09,190709,Respiring cells (RSG-positive),0.0046823313384347,UBA10364
4673,AH-700-M10,190709,Respiring cells (RSG-positive),0.00431379122231945,D2472
4674,AH-700-M11,190709,Respiring cells (RSG-positive),0.0046348432587513715,SCGC-AAA076-P13
4675,AH-700-M13,190709,Respiring cells (RSG-positive),0.00431244612677035,Unclassified
4676,AH-700-M14,190709,Respiring cells (RSG-positive),0.00658449488726138,SCGC-AAA076-P13
4677,AH-700-M15,190709,Respiring cells (RSG-positive),0.10460455928233,Unclassified
4678,AH-700-M16,190709,Respiring cells (RSG-positive),0.00454347519966739,SCGC-AAA076-P13
4679,AH-700-M17,190709,Respiring cells (RSG-positive),0.0039365518990726895,Pelagibacter
4680,AH-700-M18,190709,Respiring cells (RSG-positive),0.00529009349621328,Dependentiae
4681,AH-700-M19,190709,Respiring cells (RSG-positive),0.00490874492567004,SCGC-AAA076-P13
4682,AH-700-M20,190709,Respiring cells (RSG-positive),0.00394880570668782,TMED189
4683,AH-700-M21,190709,Respiring cells (RSG-positive),0.00617027401777417,MS024-2A
4684,AH-700-M22,190709,Respiring cells (RSG-positive),0.00529225117795263,MED-G11
4685,AH-700-N02,190709,Respiring cells (RSG-positive),0.0101905377997105,UBA9926
4686,AH-700-N03,190709,Respiring cells (RSG-positive),0.00738050619458927,Unclassified
4687,AH-700-N05,190709,Respiring cells (RSG-positive),0.897840454004366,Planktomarina
4688,AH-700-N06,190709,Respiring cells (RSG-positive),0.00462647884705045,TMED189
4689,AH-700-N07,190709,Respiring cells (RSG-positive),0.00420288862878996,Congregibacter
4690,AH-700-N08,190709,Respiring cells (RSG-positive),0.00420516545663987,D2472
4691,AH-700-N09,190709,Respiring cells (RSG-positive),0.0141468347141002,BACL11
4692,AH-700-N10,190709,Respiring cells (RSG-positive),0.0040571384970607,Unclassified
4693,AH-700-N11,190709,Respiring cells (RSG-positive),0.0409419812806952,Planktomarina
4694,AH-700-N13,190709,Respiring cells (RSG-positive),0.0060430163894878,UBA4421
4695,AH-700-N15,190709,Respiring cells (RSG-positive),0.00669398777912354,SCGC-AAA160-P02
4696,AH-700-N18,190709,Respiring cells (RSG-positive),0.00445032826485736,MED-G85
4697,AH-700-N20,190709,Respiring cells (RSG-positive),0.0089324904006956,MS024-2A
4698,AH-700-N21,190709,Respiring cells (RSG-positive),0.00905785113280407,UBA9926
4699,AH-700-N22,190709,Respiring cells (RSG-positive),0.00390677465591743,Pelagibacter
4700,AH-700-N23,190709,Respiring cells (RSG-positive),0.0089324904006956,UBA6772
4701,AH-700-O02,190709,Respiring cells (RSG-positive),0.00495932345577955,Unclassified
4702,AH-700-O03,190709,Respiring cells (RSG-positive),0.00433205422010698,Luminiphilus
4703,AH-700-O04,190709,Respiring cells (RSG-positive),0.00507772251197488,SCGC-AAA076-P13
4704,AH-700-O05,190709,Respiring cells (RSG-positive),0.00628153335079455,Unclassified
4705,AH-700-O06,190709,Respiring cells (RSG-positive),0.0129941333040555,UBA6772
4706,AH-700-O07,190709,Respiring cells (RSG-positive),0.00457040676748103,Pseudoalteromonas
4707,AH-700-O08,190709,Respiring cells (RSG-positive),0.00431081766537741,Puniceispirillum
4708,AH-700-O09,190709,Respiring cells (RSG-positive),0.00558732703370417,SCGC-AAA076-P13
4709,AH-700-O10,190709,Respiring cells (RSG-positive),0.00819922905351351,MAG-121220-bin8
4710,AH-700-O13,190709,Respiring cells (RSG-positive),0.00386868996441865,Pelagibacter
4711,AH-700-O14,190709,Respiring cells (RSG-positive),0.00447435075236176,HTCC2207
4712,AH-700-O15,190709,Respiring cells (RSG-positive),0.00576584226694975,MAG-120531
4713,AH-700-O16,190709,Respiring cells (RSG-positive),0.0047576686675662285,MED-G11
4714,AH-700-O17,190709,Respiring cells (RSG-positive),0.00472843616616649,HTCC2207
4715,AH-700-O18,190709,Respiring cells (RSG-positive),0.00452225588261745,SCGC-AAA076-P13
4716,AH-700-O19,190709,Respiring cells (RSG-positive),0.0172883318592382,UBA10364
4717,AH-700-O21,190709,Respiring cells (RSG-positive),0.0247415533937446,Planktomarina
4718,AH-700-O23,190709,Respiring cells (RSG-positive),0.00501225261515485,MAG-121220-bin8
4719,AH-700-P01,190709,Respiring cells (RSG-positive),0.0240669599783042,Hel1-33-131
4720,AH-700-P02,190709,Respiring cells (RSG-positive),0.00616267028868253,Unclassified
4721,AH-700-P03,190709,Respiring cells (RSG-positive),0.0038371334662906298,Pelagibacter
4722,AH-700-P04,190709,Respiring cells (RSG-positive),0.003955918575041529,Pelagibacter
4723,AH-700-P05,190709,Respiring cells (RSG-positive),0.0055739436298239894,MB11C04
4724,AH-700-P06,190709,Respiring cells (RSG-positive),0.00424331748666352,Pelagibacter
4725,AH-700-P07,190709,Respiring cells (RSG-positive),0.00495538623759489,SCGC-AAA076-P13
4726,AH-700-P08,190709,Respiring cells (RSG-positive),0.00662847190226042,Aquiluna
4727,AH-700-P09,190709,Respiring cells (RSG-positive),0.003891324748159661,MB11C04
4728,AH-700-P10,190709,Respiring cells (RSG-positive),0.068309418400052,Planktomarina
4729,AH-700-P11,190709,Respiring cells (RSG-positive),0.00392999168960576,Luminiphilus
4730,AH-700-P13,190709,Respiring cells (RSG-positive),0.0297138841734831,Planktomarina
4731,AH-700-P14,190709,Respiring cells (RSG-positive),0.007227881325504391,UBA8649
4732,AH-700-P18,190709,Respiring cells (RSG-positive),0.00386720804697515,Thioglobus
